{"stats":{"minecraft:mined":{"minecraft:grass":1,"minecraft:birch_log":18,"minecraft:lilac":1,"minecraft:birch_leaves":2},"minecraft:picked_up":{"minecraft:birch_log":19,"minecraft:chicken":3,"minecraft:feather":2,"minecraft:bone":1,"minecraft:mutton":3,"minecraft:white_wool":2},"minecraft:killed":{"minecraft:sheep":2},"minecraft:custom":{"minecraft:time_since_rest":15246,"minecraft:crouch_one_cm":227,"minecraft:sprint_one_cm":26170,"minecraft:play_time":15246,"minecraft:damage_taken":200,"minecraft:walk_one_cm":25556,"minecraft:sneak_time":48,"minecraft:mob_kills":3,"minecraft:jump":158,"minecraft:damage_dealt":341,"minecraft:leave_game":2,"minecraft:time_since_death":15246,"minecraft:total_world_time":15246,"minecraft:fall_one_cm":5268,"minecraft:fly_one_cm":12885}},"DataVersion":3465}