{"stats":{"minecraft:mined":{"minecraft:birch_log":19,"minecraft:birch_leaves":2,"minecraft:crafting_table":1},"minecraft:used":{"minecraft:crafting_table":1},"minecraft:picked_up":{"minecraft:birch_log":18,"minecraft:crafting_table":1,"minecraft:birch_sapling":1},"minecraft:custom":{"minecraft:time_since_rest":4597,"minecraft:crouch_one_cm":218,"minecraft:play_time":4597,"minecraft:sprint_one_cm":11164,"minecraft:damage_taken":10,"minecraft:walk_one_cm":7080,"minecraft:sneak_time":62,"minecraft:drop":1,"minecraft:jump":75,"minecraft:damage_dealt":7,"minecraft:time_since_death":4597,"minecraft:total_world_time":4597,"minecraft:fall_one_cm":1231,"minecraft:interact_with_crafting_table":1,"minecraft:fly_one_cm":13153},"minecraft:dropped":{"minecraft:birch_sapling":1},"minecraft:crafted":{"minecraft:birch_planks":12,"minecraft:crafting_table":1,"minecraft:birch_boat":1}},"DataVersion":3465}