{"stats":{"minecraft:mined":{"minecraft:sand":7,"minecraft:birch_log":5,"minecraft:sandstone":4,"minecraft:crafting_table":2},"minecraft:killed_by":{"minecraft:player":1},"minecraft:used":{"minecraft:wooden_axe":1,"minecraft:crafting_table":1,"minecraft:wooden_pickaxe":6},"minecraft:picked_up":{"minecraft:birch_log":5,"minecraft:sandstone":4,"minecraft:crafting_table":2,"minecraft:sand":6},"minecraft:custom":{"minecraft:time_since_rest":2754,"minecraft:crouch_one_cm":71,"minecraft:sprint_one_cm":17901,"minecraft:play_time":6254,"minecraft:walk_one_cm":7185,"minecraft:damage_taken":251,"minecraft:deaths":1,"minecraft:sneak_time":9,"minecraft:walk_under_water_one_cm":43,"minecraft:jump":231,"minecraft:damage_dealt":129,"minecraft:leave_game":2,"minecraft:time_since_death":2702,"minecraft:walk_on_water_one_cm":1394,"minecraft:total_world_time":6254,"minecraft:interact_with_crafting_table":1,"minecraft:fall_one_cm":5993,"minecraft:fly_one_cm":46880},"minecraft:crafted":{"minecraft:birch_planks":20,"minecraft:crafting_table":1,"minecraft:stick":12,"minecraft:wooden_pickaxe":1,"minecraft:wooden_axe":1}},"DataVersion":3465}